iso3_o,iso3_d,dist,contig,comlang_off,col_dep_ever
ARG,AUS,11823,0,0,0
ARG,AUT,11790,0,0,0
ARG,BRA,1675,1,0,0
ARG,CAN,8930,0,0,0
ARG,CHL,1138,1,1,0
ARG,CHN,19629,0,0,0
ARG,DEU,11889,0,0,0
ARG,DNK,12044,0,0,0
ARG,ESP,10022,0,1,1
ARG,FIN,12926,0,0,0
ARG,FRA,11026,0,0,0
ARG,GBR,11103,0,0,0
ARG,GRC,11673,0,0,0
ARG,HUN,11914,0,0,0
ARG,IDN,15230,0,0,0
ARG,IND,15799,0,0,0
ARG,IRL,10964,0,0,0
ARG,ITA,11131,0,0,0
ARG,JPN,18375,0,0,0
ARG,KOR,19433,0,0,0
ARG,MEX,7372,0,1,0
ARG,NLD,11422,0,0,0
ARG,NOR,12224,0,0,0
ARG,NZL,10374,0,0,0
ARG,PRT,9574,0,0,0
ARG,SWE,12539,0,0,0
ARG,TUR,12230,0,0,0
ARG,USA,8492,0,0,0
ARG,ZAF,8105,0,0,0
AUS,ARG,11823,0,0,0
AUS,AUT,15971,0,0,0
AUS,BRA,13377,0,0,0
AUS,CAN,15562,0,1,0
AUS,CHL,11370,0,0,0
AUS,CHN,7853,0,0,0
AUS,DEU,16088,0,0,0
AUS,DNK,16033,0,0,0
AUS,ESP,17688,0,0,0
AUS,FIN,15189,0,0,0
AUS,FRA,16958,0,0,0
AUS,GBR,16989,0,1,1
AUS,GRC,15322,0,0,0
AUS,HUN,15779,0,0,0
AUS,IDN,5495,0,0,0
AUS,IND,10418,0,1,0
AUS,IRL,17209,0,1,0
AUS,ITA,16322,0,0,0
AUS,JPN,7793,0,0,0
AUS,KOR,8297,0,0,0
AUS,MEX,12973,0,0,0
AUS,NLD,16638,0,0,0
AUS,NOR,15940,0,0,0
AUS,NZL,2161,0,1,0
AUS,PRT,18182,0,0,0
AUS,SWE,15586,0,0,0
AUS,TUR,14944,0,0,0
AUS,USA,15988,0,1,0
AUS,ZAF,11061,0,1,0
AUT,ARG,11790,0,0,0
AUT,AUS,15971,0,0,0
AUT,BRA,10119,0,0,0
AUT,CAN,6935,0,0,0
AUT,CHL,12489,0,0,0
AUT,CHN,8495,0,0,0
AUT,DEU,524,1,1,0
AUT,DNK,871,0,0,0
AUT,ESP,1813,0,0,0
AUT,FIN,1441,0,0,0
AUT,FRA,1037,0,0,0
AUT,GBR,1239,0,0,0
AUT,GRC,1286,0,0,0
AUT,HUN,215,1,0,0
AUT,IDN,10555,0,0,0
AUT,IND,5572,0,0,0
AUT,IRL,1686,0,0,0
AUT,ITA,765,1,0,0
AUT,JPN,9150,0,0,0
AUT,KOR,8296,0,0,0
AUT,MEX,10169,0,0,0
AUT,NLD,939,0,0,0
AUT,NOR,1353,0,0,0
AUT,NZL,17852,0,0,0
AUT,PRT,2303,0,0,0
AUT,SWE,1243,0,0,0
AUT,TUR,1276,0,0,0
AUT,USA,6814,0,0,0
AUT,ZAF,8323,0,0,0
BRA,ARG,1675,1,0,0
BRA,AUS,13377,0,0,0
BRA,AUT,10119,0,0,0
BRA,CAN,8164,0,0,0
BRA,CHL,2586,0,0,0
BRA,CHN,18570,0,0,0
BRA,DEU,10232,0,0,0
BRA,DNK,10402,0,0,0
BRA,ESP,8361,0,0,0
BRA,FIN,11287,0,0,0
BRA,FRA,9378,0,0,0
BRA,GBR,9473,0,0,0
BRA,GRC,10014,0,0,0
BRA,HUN,10241,0,0,0
BRA,IDN,15642,0,0,0
BRA,IND,14435,0,0,0
BRA,IRL,9365,0,0,0
BRA,ITA,9457,0,0,0
BRA,JPN,18530,0,0,0
BRA,KOR,18338,0,0,0
BRA,MEX,7422,0,0,0
BRA,NLD,9782,0,0,0
BRA,NOR,10610,0,0,0
BRA,NZL,12039,0,0,0
BRA,PRT,7924,0,1,1
BRA,SWE,10906,0,0,0
BRA,TUR,10569,0,0,0
BRA,USA,7658,0,0,0
BRA,ZAF,7442,0,0,0
CAN,ARG,8930,0,0,0
CAN,AUS,15562,0,1,0
CAN,AUT,6935,0,0,0
CAN,BRA,8164,0,0,0
CAN,CHL,8590,0,0,0
CAN,CHN,11441,0,0,0
CAN,DEU,6493,0,0,0
CAN,DNK,6266,0,0,0
CAN,ESP,6052,0,0,0
CAN,FIN,6616,0,0,0
CAN,FRA,6017,0,1,1
CAN,GBR,5728,0,1,1
CAN,GRC,8119,0,0,0
CAN,HUN,7142,0,0,0
CAN,IDN,15806,0,0,0
CAN,IND,11646,0,1,0
CAN,IRL,5266,0,1,0
CAN,ITA,7099,0,0,0
CAN,JPN,10367,0,0,0
CAN,KOR,10620,0,0,0
CAN,MEX,3260,0,0,0
CAN,NLD,5997,0,0,0
CAN,NOR,5951,0,0,0
CAN,NZL,13878,0,1,0
CAN,PRT,5741,0,0,0
CAN,SWE,6344,0,0,0
CAN,TUR,8211,0,0,0
CAN,USA,556,1,1,0
CAN,ZAF,13335,0,1,0
CHL,ARG,1138,1,1,0
CHL,AUS,11370,0,0,0
CHL,AUT,12489,0,0,0
CHL,BRA,2586,0,0,0
CHL,CAN,8590,0,0,0
CHL,CHN,18861,0,0,0
CHL,DEU,12507,0,0,0
CHL,DNK,12608,0,0,0
CHL,ESP,10681,0,1,1
CHL,FIN,13464,0,0,0
CHL,FRA,11627,0,0,0
CHL,GBR,11650,0,0,0
CHL,GRC,12546,0,0,0
CHL,HUN,12637,0,0,0
CHL,IDN,15606,0,0,0
CHL,IND,16927,0,0,0
CHL,IRL,11442,0,0,0
CHL,ITA,11892,0,0,0
CHL,JPN,17242,0,0,0
CHL,KOR,18364,0,0,0
CHL,MEX,6589,0,1,0
CHL,NLD,11991,0,0,0
CHL,NOR,12709,0,0,0
CHL,NZL,9690,0,0,0
CHL,PRT,10205,0,0,0
CHL,SWE,13067,0,0,0
CHL,TUR,13091,0,0,0
CHL,USA,8220,0,0,0
CHL,ZAF,9192,0,0,0
CHN,ARG,19629,0,0,0
CHN,AUS,7853,0,0,0
CHN,AUT,8495,0,0,0
CHN,BRA,18570,0,0,0
CHN,CAN,11441,0,0,0
CHN,CHL,18861,0,0,0
CHN,DEU,8415,0,0,0
CHN,DNK,8271,0,0,0
CHN,ESP,10277,0,0,0
CHN,FIN,7392,0,0,0
CHN,FRA,9284,0,0,0
CHN,GBR,9217,0,0,0
CHN,GRC,8558,0,0,0
CHN,HUN,8364,0,0,0
CHN,IDN,4425,0,0,0
CHN,IND,4252,1,0,0
CHN,IRL,9368,0,0,0
CHN,ITA,9138,0,0,0
CHN,JPN,1763,0,0,0
CHN,KOR,867,0,0,0
CHN,MEX,12928,0,0,0
CHN,NLD,8894,0,0,0
CHN,NOR,8105,0,0,0
CHN,NZL,9361,0,0,0
CHN,PRT,10732,0,0,0
CHN,SWE,7782,0,0,0
CHN,TUR,8004,0,0,0
CHN,USA,11883,0,0,0
CHN,ZAF,11775,0,0,0
DEU,ARG,11889,0,0,0
DEU,AUS,16088,0,0,0
DEU,AUT,524,1,1,0
DEU,BRA,10232,0,0,0
DEU,CAN,6493,0,0,0
DEU,CHL,12507,0,0,0
DEU,CHN,8415,0,0,0
DEU,DNK,355,1,0,0
DEU,ESP,1872,0,0,0
DEU,FIN,1107,0,0,0
DEU,FRA,881,1,0,0
DEU,GBR,935,0,0,0
DEU,GRC,1807,0,0,0
DEU,HUN,689,0,0,0
DEU,IDN,10785,0,0,0
DEU,IND,5786,0,0,0
DEU,IRL,1321,0,0,0
DEU,ITA,1184,0,0,0
DEU,JPN,8938,0,0,0
DEU,KOR,8147,0,0,0
DEU,MEX,9743,0,0,0
DEU,NLD,579,1,0,0
DEU,NOR,839,0,0,0
DEU,NZL,17742,0,0,0
DEU,PRT,2316,0,0,0
DEU,SWE,811,0,0,0
DEU,TUR,1738,0,0,0
DEU,USA,6402,0,0,0
DEU,ZAF,8837,0,0,0
DNK,ARG,12044,0,0,0
DNK,AUS,16033,0,0,0
DNK,AUT,871,0,0,0
DNK,BRA,10402,0,0,0
DNK,CAN,6266,0,0,0
DNK,CHL,12608,0,0,0
DNK,CHN,8271,0,0,0
DNK,DEU,355,1,0,0
DNK,ESP,2074,0,0,0
DNK,FIN,886,0,0,0
DNK,FRA,1029,0,0,0
DNK,GBR,958,0,0,0
DNK,GRC,2141,0,0,0
DNK,HUN,1013,0,0,0
DNK,IDN,10843,0,0,0
DNK,IND,5853,0,0,0
DNK,IRL,1242,0,0,0
DNK,ITA,1533,0,0,0
DNK,JPN,8712,0,0,0
DNK,KOR,7961,0,0,0
DNK,MEX,9524,0,0,0
DNK,NLD,622,0,0,0
DNK,NOR,484,0,0,0
DNK,NZL,17524,0,0,0
DNK,PRT,2481,0,0,0
DNK,SWE,524,0,0,0
DNK,TUR,2022,0,0,0
DNK,USA,6204,0,0,0
DNK,ZAF,9190,0,0,0
ESP,ARG,10022,0,1,1
ESP,AUS,17688,0,0,0
ESP,AUT,1813,0,0,0
ESP,BRA,8361,0,0,0
ESP,CAN,6052,0,0,0
ESP,CHL,10681,0,1,1
ESP,CHN,10277,0,0,0
ESP,DEU,1872,0,0,0
ESP,DNK,2074,0,0,0
ESP,FIN,2953,0,0,0
ESP,FRA,1053,1,0,0
ESP,GBR,1263,0,0,0
ESP,GRC,2378,0,0,0
ESP,HUN,1978,0,0,0
ESP,IDN,12194,0,0,0
ESP,IND,7286,0,0,0
ESP,IRL,1449,0,0,0
ESP,ITA,1366,0,0,0
ESP,JPN,10786,0,0,0
ESP,KOR,10018,0,0,0
ESP,MEX,9078,0,1,1
ESP,NLD,1482,0,0,0
ESP,NOR,2390,0,0,0
ESP,NZL,19590,0,0,0
ESP,PRT,504,1,0,0
ESP,SWE,2596,0,0,0
ESP,TUR,2744,0,0,0
ESP,USA,5782,0,0,1
ESP,ZAF,8074,0,0,0
FIN,ARG,12926,0,0,0
FIN,AUS,15189,0,0,0
FIN,AUT,1441,0,0,0
FIN,BRA,11287,0,0,0
FIN,CAN,6616,0,0,0
FIN,CHL,13464,0,0,0
FIN,CHN,7392,0,0,0
FIN,DEU,1107,0,0,0
FIN,DNK,886,0,0,0
FIN,ESP,2953,0,0,0
FIN,FRA,1913,0,0,0
FIN,GBR,1826,0,0,0
FIN,GRC,2472,0,0,0
FIN,HUN,1461,0,0,0
FIN,IDN,10155,0,0,0
FIN,IND,5222,0,0,0
FIN,IRL,2031,0,0,0
FIN,ITA,2204,0,0,0
FIN,JPN,7838,0,0,0
FIN,KOR,7076,0,0,0
FIN,MEX,9859,0,0,0
FIN,NLD,1506,0,0,0
FIN,NOR,790,1,0,0
FIN,NZL,16650,0,0,0
FIN,PRT,3366,0,0,0
FIN,SWE,397,1,1,0
FIN,TUR,2149,0,0,0
FIN,USA,6636,0,0,0
FIN,ZAF,9576,0,0,0
FRA,ARG,11026,0,0,0
FRA,AUS,16958,0,0,0
FRA,AUT,1037,0,0,0
FRA,BRA,9378,0,0,0
FRA,CAN,6017,0,1,1
FRA,CHL,11627,0,0,0
FRA,CHN,9284,0,0,0
FRA,DEU,881,1,0,0
FRA,DNK,1029,0,0,0
FRA,ESP,1053,1,0,0
FRA,FIN,1913,0,0,0
FRA,GBR,344,0,0,0
FRA,GRC,2103,0,0,0
FRA,HUN,1248,0,0,0
FRA,IDN,11587,0,0,0
FRA,IND,6596,0,0,0
FRA,IRL,781,0,0,0
FRA,ITA,1106,1,0,0
FRA,JPN,9736,0,0,0
FRA,KOR,8989,0,0,0
FRA,MEX,9211,0,0,0
FRA,NLD,431,0,0,0
FRA,NOR,1344,0,0,0
FRA,NZL,18540,0,0,0
FRA,PRT,1454,0,0,0
FRA,SWE,1547,0,0,0
FRA,TUR,2259,0,0,0
FRA,USA,5852,0,0,1
FRA,ZAF,8697,0,0,0
GBR,ARG,11103,0,0,0
GBR,AUS,16989,0,1,1
GBR,AUT,1239,0,0,0
GBR,BRA,9473,0,0,0
GBR,CAN,5728,0,1,1
GBR,CHL,11650,0,0,0
GBR,CHN,9217,0,0,0
GBR,DEU,935,0,0,0
GBR,DNK,958,0,0,0
GBR,ESP,1263,0,0,0
GBR,FIN,1826,0,0,0
GBR,FRA,344,0,0,0
GBR,GRC,2399,0,0,0
GBR,HUN,1453,0,0,0
GBR,IDN,11719,0,0,0
GBR,IND,6720,0,1,1
GBR,IRL,463,1,1,1
GBR,ITA,1435,0,0,0
GBR,JPN,9582,0,0,0
GBR,KOR,8880,0,0,0
GBR,MEX,8943,0,0,0
GBR,NLD,358,0,0,0
GBR,NOR,1156,0,0,0
GBR,NZL,18329,0,1,1
GBR,PRT,1586,0,0,0
GBR,SWE,1436,0,0,0
GBR,TUR,2504,0,0,0
GBR,USA,5585,0,1,0
GBR,ZAF,9039,0,1,1
GRC,ARG,11673,0,0,0
GRC,AUS,15322,0,0,0
GRC,AUT,1286,0,0,0
GRC,BRA,10014,0,0,0
GRC,CAN,8119,0,0,0
GRC,CHL,12546,0,0,0
GRC,CHN,8558,0,0,0
GRC,DEU,1807,0,0,0
GRC,DNK,2141,0,0,0
GRC,ESP,2378,0,0,0
GRC,FIN,2472,0,0,0
GRC,FRA,2103,0,0,0
GRC,GBR,2399,0,0,0
GRC,HUN,1128,0,0,0
GRC,IDN,9831,0,0,0
GRC,IND,5015,0,0,0
GRC,IRL,2862,0,0,0
GRC,ITA,1057,0,0,0
GRC,JPN,9527,0,0,0
GRC,KOR,8536,0,0,0
GRC,MEX,11303,0,0,0
GRC,NLD,2170,0,0,0
GRC,NOR,2610,0,0,0
GRC,NZL,17466,0,0,0
GRC,PRT,2861,0,0,0
GRC,SWE,2412,0,0,0
GRC,TUR,562,1,0,0
GRC,USA,7948,0,0,0
GRC,ZAF,7116,0,0,0
HUN,ARG,11914,0,0,0
HUN,AUS,15779,0,0,0
HUN,AUT,215,1,0,0
HUN,BRA,10241,0,0,0
HUN,CAN,7142,0,0,0
HUN,CHL,12637,0,0,0
HUN,CHN,8364,0,0,0
HUN,DEU,689,0,0,0
HUN,DNK,1013,0,0,0
HUN,ESP,1978,0,0,0
HUN,FIN,1461,0,0,0
HUN,FRA,1248,0,0,0
HUN,GBR,1453,0,0,0
HUN,GRC,1128,0,0,0
HUN,IDN,10350,0,0,0
HUN,IND,5371,0,0,0
HUN,IRL,1899,0,0,0
HUN,ITA,811,0,0,0
HUN,JPN,9068,0,0,0
HUN,KOR,8190,0,0,0
HUN,MEX,10379,0,0,0
HUN,NLD,1149,0,0,0
HUN,NOR,1484,0,0,0
HUN,NZL,17704,0,0,0
HUN,PRT,2475,0,0,0
HUN,SWE,1319,0,0,0
HUN,TUR,1069,0,0,0
HUN,USA,7026,0,0,0
HUN,ZAF,8212,0,0,0
IDN,ARG,15230,0,0,0
IDN,AUS,5495,0,0,0
IDN,AUT,10555,0,0,0
IDN,BRA,15642,0,0,0
IDN,CAN,15806,0,0,0
IDN,CHL,15606,0,0,0
IDN,CHN,4425,0,0,0
IDN,DEU,10785,0,0,0
IDN,DNK,10843,0,0,0
IDN,ESP,12194,0,0,0
IDN,FIN,10155,0,0,0
IDN,FRA,11587,0,0,0
IDN,GBR,11719,0,0,0
IDN,GRC,9831,0,0,0
IDN,HUN,10350,0,0,0
IDN,IND,4999,0,0,0
IDN,IRL,12081,0,0,0
IDN,ITA,10830,0,0,0
IDN,JPN,5772,0,0,0
IDN,KOR,5278,0,0,0
IDN,MEX,16859,0,0,0
IDN,NLD,11364,0,0,0
IDN,NOR,10941,0,0,0
IDN,NZL,7639,0,0,0
IDN,PRT,12688,0,0,0
IDN,SWE,10527,0,0,0
IDN,TUR,9454,0,0,0
IDN,USA,16181,0,0,0
IDN,ZAF,8596,0,0,0
IND,ARG,15799,0,0,0
IND,AUS,10418,0,1,0
IND,AUT,5572,0,0,0
IND,BRA,14435,0,0,0
IND,CAN,11646,0,1,0
IND,CHL,16927,0,0,0
IND,CHN,4252,1,0,0
IND,DEU,5786,0,0,0
IND,DNK,5853,0,0,0
IND,ESP,7286,0,0,0
IND,FIN,5222,0,0,0
IND,FRA,6596,0,0,0
IND,GBR,6720,0,1,1
IND,GRC,5015,0,0,0
IND,HUN,5371,0,0,0
IND,IDN,4999,0,0,0
IND,IRL,7087,0,1,0
IND,ITA,5927,0,0,0
IND,JPN,5846,0,0,0
IND,KOR,4692,0,0,0
IND,MEX,14668,0,0,0
IND,NLD,6366,0,0,0
IND,NOR,5991,0,0,0
IND,NZL,12484,0,1,0
IND,PRT,7789,0,0,0
IND,SWE,5573,0,0,0
IND,TUR,4559,0,0,0
IND,USA,11771,0,1,0
IND,ZAF,8029,0,1,0
IRL,ARG,10964,0,0,0
IRL,AUS,17209,0,1,0
IRL,AUT,1686,0,0,0
IRL,BRA,9365,0,0,0
IRL,CAN,5266,0,1,0
IRL,CHL,11442,0,0,0
IRL,CHN,9368,0,0,0
IRL,DEU,1321,0,0,0
IRL,DNK,1242,0,0,0
IRL,ESP,1449,0,0,0
IRL,FIN,2031,0,0,0
IRL,FRA,781,0,0,0
IRL,GBR,463,1,1,1
IRL,GRC,2862,0,0,0
IRL,HUN,1899,0,0,0
IRL,IDN,12081,0,0,0
IRL,IND,7087,0,1,0
IRL,ITA,1887,0,0,0
IRL,JPN,9610,0,0,0
IRL,KOR,8975,0,0,0
IRL,MEX,8486,0,0,0
IRL,NLD,757,0,0,0
IRL,NOR,1269,0,0,0
IRL,NZL,18172,0,1,0
IRL,PRT,1640,0,0,0
IRL,SWE,1634,0,0,0
IRL,TUR,2958,0,0,0
IRL,USA,5129,0,1,0
IRL,ZAF,9414,0,1,0
ITA,ARG,11131,0,0,0
ITA,AUS,16322,0,0,0
ITA,AUT,765,1,0,0
ITA,BRA,9457,0,0,0
ITA,CAN,7099,0,0,0
ITA,CHL,11892,0,0,0
ITA,CHN,9138,0,0,0
ITA,DEU,1184,0,0,0
ITA,DNK,1533,0,0,0
ITA,ESP,1366,0,0,0
ITA,FIN,2204,0,0,0
ITA,FRA,1106,1,0,0
ITA,GBR,1435,0,0,0
ITA,GRC,1057,0,0,0
ITA,HUN,811,0,0,0
ITA,IDN,10830,0,0,0
ITA,IND,5927,0,0,0
ITA,IRL,1887,0,0,0
ITA,JPN,9878,0,0,0
ITA,KOR,8989,0,0,0
ITA,MEX,10257,0,0,0
ITA,NLD,1298,0,0,0
ITA,NOR,2008,0,0,0
ITA,NZL,18400,0,0,0
ITA,PRT,1866,0,0,0
ITA,SWE,1978,0,0,0
ITA,TUR,1377,0,0,0
ITA,USA,6907,0,0,0
ITA,ZAF,7708,0,0,0
JPN,ARG,18375,0,0,0
JPN,AUS,7793,0,0,0
JPN,AUT,9150,0,0,0
JPN,BRA,18530,0,0,0
JPN,CAN,10367,0,0,0
JPN,CHL,17242,0,0,0
JPN,CHN,1763,0,0,0
JPN,DEU,8938,0,0,0
JPN,DNK,8712,0,0,0
JPN,ESP,10786,0,0,0
JPN,FIN,7838,0,0,0
JPN,FRA,9736,0,0,0
JPN,GBR,9582,0,0,0
JPN,GRC,9527,0,0,0
JPN,HUN,9068,0,0,0
JPN,IDN,5772,0,0,0
JPN,IND,5846,0,0,0
JPN,IRL,9610,0,0,0
JPN,ITA,9878,0,0,0
JPN,KOR,1155,0,0,1
JPN,MEX,11324,0,0,0
JPN,NLD,9311,0,0,0
JPN,NOR,8427,0,0,0
JPN,NZL,8813,0,0,0
JPN,PRT,11167,0,0,0
JPN,SWE,8190,0,0,0
JPN,TUR,8967,0,0,0
JPN,USA,10872,0,0,0
JPN,ZAF,13538,0,0,0
KOR,ARG,19433,0,0,0
KOR,AUS,8297,0,0,0
KOR,AUT,8296,0,0,0
KOR,BRA,18338,0,0,0
KOR,CAN,10620,0,0,0
KOR,CHL,18364,0,0,0
KOR,CHN,867,0,0,0
KOR,DEU,8147,0,0,0
KOR,DNK,7961,0,0,0
KOR,ESP,10018,0,0,0
KOR,FIN,7076,0,0,0
KOR,FRA,8989,0,0,0
KOR,GBR,8880,0,0,0
KOR,GRC,8536,0,0,0
KOR,HUN,8190,0,0,0
KOR,IDN,5278,0,0,0
KOR,IND,4692,0,0,0
KOR,IRL,8975,0,0,0
KOR,ITA,8989,0,0,0
KOR,JPN,1155,0,0,1
KOR,MEX,12070,0,0,0
KOR,NLD,8578,0,0,0
KOR,NOR,7737,0,0,0
KOR,NZL,9597,0,0,0
KOR,PRT,10442,0,0,0
KOR,SWE,7451,0,0,0
KOR,TUR,7974,0,0,0
KOR,USA,11077,0,0,0
KOR,ZAF,12483,0,0,0
MEX,ARG,7372,0,1,0
MEX,AUS,12973,0,0,0
MEX,AUT,10169,0,0,0
MEX,BRA,7422,0,0,0
MEX,CAN,3260,0,0,0
MEX,CHL,6589,0,1,0
MEX,CHN,12928,0,0,0
MEX,DEU,9743,0,0,0
MEX,DNK,9524,0,0,0
MEX,ESP,9078,0,1,1
MEX,FIN,9859,0,0,0
MEX,FRA,9211,0,0,0
MEX,GBR,8943,0,0,0
MEX,GRC,11303,0,0,0
MEX,HUN,10379,0,0,0
MEX,IDN,16859,0,0,0
MEX,IND,14668,0,0,0
MEX,IRL,8486,0,0,0
MEX,ITA,10257,0,0,0
MEX,JPN,11324,0,0,0
MEX,KOR,12070,0,0,0
MEX,NLD,9230,0,0,0
MEX,NOR,9210,0,0,0
MEX,NZL,10949,0,0,0
MEX,PRT,8686,0,0,0
MEX,SWE,9600,0,0,0
MEX,TUR,11444,0,0,0
MEX,USA,3359,1,0,0
MEX,ZAF,14593,0,0,0
NLD,ARG,11422,0,0,0
NLD,AUS,16638,0,0,0
NLD,AUT,939,0,0,0
NLD,BRA,9782,0,0,0
NLD,CAN,5997,0,0,0
NLD,CHL,11991,0,0,0
NLD,CHN,8894,0,0,0
NLD,DEU,579,1,0,0
NLD,DNK,622,0,0,0
NLD,ESP,1482,0,0,0
NLD,FIN,1506,0,0,0
NLD,FRA,431,0,0,0
NLD,GBR,358,0,0,0
NLD,GRC,2170,0,0,0
NLD,HUN,1149,0,0,0
NLD,IDN,11364,0,0,0
NLD,IND,6366,0,0,0
NLD,IRL,757,0,0,0
NLD,ITA,1298,0,0,0
NLD,JPN,9311,0,0,0
NLD,KOR,8578,0,0,0
NLD,MEX,9230,0,0,0
NLD,NOR,914,0,0,0
NLD,NZL,18110,0,0,0
NLD,PRT,1865,0,0,0
NLD,SWE,1128,0,0,0
NLD,TUR,2215,0,0,0
NLD,USA,5877,0,0,0
NLD,ZAF,8992,0,0,1
NOR,ARG,12224,0,0,0
NOR,AUS,15940,0,0,0
NOR,AUT,1353,0,0,0
NOR,BRA,10610,0,0,0
NOR,CAN,5951,0,0,0
NOR,CHL,12709,0,0,0
NOR,CHN,8105,0,0,0
NOR,DEU,839,0,0,0
NOR,DNK,484,0,0,0
NOR,ESP,2390,0,0,0
NOR,FIN,790,1,0,0
NOR,FRA,1344,0,0,0
NOR,GBR,1156,0,0,0
NOR,GRC,2610,0,0,0
NOR,HUN,1484,0,0,0
NOR,IDN,10941,0,0,0
NOR,IND,5991,0,0,0
NOR,IRL,1269,0,0,0
NOR,ITA,2008,0,0,0
NOR,JPN,8427,0,0,0
NOR,KOR,7737,0,0,0
NOR,MEX,9210,0,0,0
NOR,NLD,914,0,0,0
NOR,NZL,17201,0,0,0
NOR,PRT,2741,0,0,0
NOR,SWE,418,1,0,0
NOR,TUR,2449,0,0,0
NOR,USA,5930,0,0,0
NOR,ZAF,9674,0,0,0
NZL,ARG,10374,0,0,0
NZL,AUS,2161,0,1,0
NZL,AUT,17852,0,0,0
NZL,BRA,12039,0,0,0
NZL,CAN,13878,0,1,0
NZL,CHL,9690,0,0,0
NZL,CHN,9361,0,0,0
NZL,DEU,17742,0,0,0
NZL,DNK,17524,0,0,0
NZL,ESP,19590,0,0,0
NZL,FIN,16650,0,0,0
NZL,FRA,18540,0,0,0
NZL,GBR,18329,0,1,1
NZL,GRC,17466,0,0,0
NZL,HUN,17704,0,0,0
NZL,IDN,7639,0,0,0
NZL,IND,12484,0,1,0
NZL,IRL,18172,0,1,0
NZL,ITA,18400,0,0,0
NZL,JPN,8813,0,0,0
NZL,KOR,9597,0,0,0
NZL,MEX,10949,0,0,0
NZL,NLD,18110,0,0,0
NZL,NOR,17201,0,0,0
NZL,PRT,19618,0,0,0
NZL,SWE,17001,0,0,0
NZL,TUR,17043,0,0,0
NZL,USA,14187,0,1,0
NZL,ZAF,12206,0,1,0
PRT,ARG,9574,0,0,0
PRT,AUS,18182,0,0,0
PRT,AUT,2303,0,0,0
PRT,BRA,7924,0,1,1
PRT,CAN,5741,0,0,0
PRT,CHL,10205,0,0,0
PRT,CHN,10732,0,0,0
PRT,DEU,2316,0,0,0
PRT,DNK,2481,0,0,0
PRT,ESP,504,1,0,0
PRT,FIN,3366,0,0,0
PRT,FRA,1454,0,0,0
PRT,GBR,1586,0,0,0
PRT,GRC,2861,0,0,0
PRT,HUN,2475,0,0,0
PRT,IDN,12688,0,0,0
PRT,IND,7789,0,0,0
PRT,IRL,1640,0,0,0
PRT,ITA,1866,0,0,0
PRT,JPN,11167,0,0,0
PRT,KOR,10442,0,0,0
PRT,MEX,8686,0,0,0
PRT,NLD,1865,0,0,0
PRT,NOR,2741,0,0,0
PRT,NZL,19618,0,0,0
PRT,SWE,2993,0,0,0
PRT,TUR,3243,0,0,0
PRT,USA,5435,0,0,0
PRT,ZAF,8163,0,0,0
SWE,ARG,12539,0,0,0
SWE,AUS,15586,0,0,0
SWE,AUT,1243,0,0,0
SWE,BRA,10906,0,0,0
SWE,CAN,6344,0,0,0
SWE,CHL,13067,0,0,0
SWE,CHN,7782,0,0,0
SWE,DEU,811,0,0,0
SWE,DNK,524,0,0,0
SWE,ESP,2596,0,0,0
SWE,FIN,397,1,1,0
SWE,FRA,1547,0,0,0
SWE,GBR,1436,0,0,0
SWE,GRC,2412,0,0,0
SWE,HUN,1319,0,0,0
SWE,IDN,10527,0,0,0
SWE,IND,5573,0,0,0
SWE,IRL,1634,0,0,0
SWE,ITA,1978,0,0,0
SWE,JPN,8190,0,0,0
SWE,KOR,7451,0,0,0
SWE,MEX,9600,0,0,0
SWE,NLD,1128,0,0,0
SWE,NOR,418,1,0,0
SWE,NZL,17001,0,0,0
SWE,PRT,2993,0,0,0
SWE,TUR,2174,0,0,0
SWE,USA,6336,0,0,0
SWE,ZAF,9523,0,0,0
TUR,ARG,12230,0,0,0
TUR,AUS,14944,0,0,0
TUR,AUT,1276,0,0,0
TUR,BRA,10569,0,0,0
TUR,CAN,8211,0,0,0
TUR,CHL,13091,0,0,0
TUR,CHN,8004,0,0,0
TUR,DEU,1738,0,0,0
TUR,DNK,2022,0,0,0
TUR,ESP,2744,0,0,0
TUR,FIN,2149,0,0,0
TUR,FRA,2259,0,0,0
TUR,GBR,2504,0,0,0
TUR,GRC,562,1,0,0
TUR,HUN,1069,0,0,0
TUR,IDN,9454,0,0,0
TUR,IND,4559,0,0,0
TUR,IRL,2958,0,0,0
TUR,ITA,1377,0,0,0
TUR,JPN,8967,0,0,0
TUR,KOR,7974,0,0,0
TUR,MEX,11444,0,0,0
TUR,NLD,2215,0,0,0
TUR,NOR,2449,0,0,0
TUR,NZL,17043,0,0,0
TUR,PRT,3243,0,0,0
TUR,SWE,2174,0,0,0
TUR,USA,8087,0,0,0
TUR,ZAF,7442,0,0,0
USA,ARG,8492,0,0,0
USA,AUS,15988,0,1,0
USA,AUT,6814,0,0,0
USA,BRA,7658,0,0,0
USA,CAN,556,1,1,0
USA,CHL,8220,0,0,0
USA,CHN,11883,0,0,0
USA,DEU,6402,0,0,0
USA,DNK,6204,0,0,0
USA,ESP,5782,0,0,1
USA,FIN,6636,0,0,0
USA,FRA,5852,0,0,1
USA,GBR,5585,0,1,0
USA,GRC,7948,0,0,0
USA,HUN,7026,0,0,0
USA,IDN,16181,0,0,0
USA,IND,11771,0,1,0
USA,IRL,5129,0,1,0
USA,ITA,6907,0,0,0
USA,JPN,10872,0,0,0
USA,KOR,11077,0,0,0
USA,MEX,3359,1,0,0
USA,NLD,5877,0,0,0
USA,NOR,5930,0,0,0
USA,NZL,14187,0,1,0
USA,PRT,5435,0,0,0
USA,SWE,6336,0,0,0
USA,TUR,8087,0,0,0
USA,ZAF,12833,0,1,0
ZAF,ARG,8105,0,0,0
ZAF,AUS,11061,0,1,0
ZAF,AUT,8323,0,0,0
ZAF,BRA,7442,0,0,0
ZAF,CAN,13335,0,1,0
ZAF,CHL,9192,0,0,0
ZAF,CHN,11775,0,0,0
ZAF,DEU,8837,0,0,0
ZAF,DNK,9190,0,0,0
ZAF,ESP,8074,0,0,0
ZAF,FIN,9576,0,0,0
ZAF,FRA,8697,0,0,0
ZAF,GBR,9039,0,1,1
ZAF,GRC,7116,0,0,0
ZAF,HUN,8212,0,0,0
ZAF,IDN,8596,0,0,0
ZAF,IND,8029,0,1,0
ZAF,IRL,9414,0,1,0
ZAF,ITA,7708,0,0,0
ZAF,JPN,13538,0,0,0
ZAF,KOR,12483,0,0,0
ZAF,MEX,14593,0,0,0
ZAF,NLD,8992,0,0,1
ZAF,NOR,9674,0,0,0
ZAF,NZL,12206,0,1,0
ZAF,PRT,8163,0,0,0
ZAF,SWE,9523,0,0,0
ZAF,TUR,7442,0,0,0
ZAF,USA,12833,0,1,0
